{"oldpendant":{
    "name":"Old Pendant",
    "image":"res://Old Pendant.png",
    "desc":"Engraved upon the pendant is a mantra of unknown source.\n'Yea, though I may find myself in the desert, my perseverance will lead me to water. I may become entirely stumped, but my %s KEY will see me through to the ends I seek.'\nA strange prayer, to be sure."
    },
"crank" : {
    "name":"Crank",
    "image":"res://Crank.png",
    "desc":"Some sort of mechanical crank, discarded rougly into the corner of a cavern. Despite the damp surroundings, it shows no sign of rusting."
    },
"dEye":{
    "name":"Disembodied Eye",
    "image":"res://Disembodied Eye.png",
    "desc":"A severed and pickled eyeball. It is inanimate save for a heatless flame that spews from the pupil. Entirely strange and entirely gross."
    },
"methuCandle":{
    "name":"Candle of Methuselah",
    "image":"res://Candle of Methuselah.png",
    "desc":"A seemingly normal candle given by the skeletal showman Methuselah. \"You've got access to a place I don't, and I've got something that could work to our favor in there.\"\nHe seems very attached to it. Perhaps it holds sentimental value?"
    },
"spirCandle":{
    "name":"Eternal Candle",
    "image":"res://Eternal Candle.png",
    "desc":"A candle that burns without end. It is said that the owner of such a candle will be granted eternal life, however useless it may be. Especially in the spirit world where death does not exist. Extremely fragile."
    },
"ant1":{
    "name":"Fire Ant",
    "image":"res://Fire Ant.png",
    "desc":"A rare type of ant with the elemental power of fire within it. If killed it violently bursts into flames. Many an unwary traveller has died from unscrupulous use of these creatures."
    },
"ant2":{
    "name":"Smoulder Ant",
    "image":"res://Smoulder Ant.png",
    "desc":"Once a fire ant, this creature has been severely weakened by transmutation magic. Now it can only start the weakest of blazes, and poses no threat to anyone."
    },
"wax":{
    "name":"Resin",
    "image":"res://Resin.png",
    "desc":"A clump of myrrh found in an unlit sconce. It seems to contain something. Now, how to extract it?"
    },
"keyFront":{
    "name":"Key Half",
    "image":"res://Key Half.png",
    "desc":"The front half of a key, though whatever lock it should fit is uncertain. It is not long enough to properly use; it would only become stuck in the lock. Why was it broken in the first place?"
    },
"keyBack":{
    "name":"Anterior Key Half",
    "image":"res://Anterior Key Half.png",
    "desc":"A broken key piece, found encased in resin. A strange eye-shaped symbol is engraved upon it. It appears to watch more intently in the spirit world."
    },
"keyWhole":{
    "name":"Strange Key",
    "image":"res://Strange Key.png",
    "desc":"A key, though whatever lock it fits is uncertain. A strange eye-shaped symbol is engraved upon the grip. It appears to watch more intently in the spirit world."
    },
"fakeBadge":{
    "name":"Priestly Badge",
    "image":"res://Priestly Badge.png",
    "desc":"A counterfeit badge, made from hazy memory of those worn by agents of Phitr. Hopefully good enough to trick the priesthood in Manu. Deception of this sort is necessary in your new line of work."
    },
"lovesickSword":{
    "name":"Wooden Sword",
    "image":"res://Wooden Sword.png",
    "desc":"A child's toy, kept by the sage Qasir for some unknown sentimental purpose. Brims with the adventurous energy of youth. 'Q + T' is carved into the blade."
    },
"realBadgeBroken":{
    "name":"Priest's Favor (Ruined)",
    "image":"res://Priest's Favor (Ruined).png",
    "desc":"A badge that grants passage into the holy sageworks of Phitr, decayed into unusability. You can feel a faint holiness radiating from it. The melted design may have once been quite ornate."
    },
"realBadge":{
    "name":"Priest's Favor",
    "image":"res://Priest's Favor.png",
    "desc":"A badge that grants passage into the holy sageworks of Phitr. The vines and flowers engraved onto its surface are quite intricate, and a subtle theme of rotten wood is deftly woven between their vigor. You feel as though someone is watching you."
    },
"ash":{
    "name":"Ash",
    "image":"res://Ash.png",
    "desc":"Once paper, you burned a page from an old man's favorite book for this. Use it wisely.\n\nAsh is commonly used in the creation of soaps."
    },
"bronze":{
    "name":"Bronze",
    "image":"res://Bronze.png",
    "desc":"An alloy of tin and copper, made far sturdier by the forging process. \nBronze has been symbolic of listless unbelonging and desolation for thousands of years."
    },
"candlestick":{
    "name":"Candlestick",
    "image":"res://Candlestick.png",
    "desc":"A pure-silver candlestick, perfect for holding candles or other candle-shaped things. Can also be used as a bludgeon in a pinch."
    },
"slipshodMold":{
    "name":"Hardened Clay",
    "image":"res://Hardened Clay.png",
    "desc":"A gift from Phitr to help you achieve your crystal-smashing goals. A faint heat can be felt within.",
    },
"badBlade":{
    "name":"Curved Sword Blade",
    "image":"res://Curved Sword Blade.png",
    "desc":"This blade seems almost impossibly-shaped to have fit in the clay that held it. It is painfully hot to the touch, as if it had just been forged before being sealed. What good is a sword you cannot hold?",
    },
"a4banner":{
    "name":"Banner of Dhegom",
    "image":"res://Banner of Dhegom.png",
    "desc":"A small banner that signifies devotion to Dhegom's order and beliefs. Accepted in Yemo, but is surely sacriligeous in Manu. Whatever happens to the heretic carrying this would not be pretty.\n\nIt is just about the right size for a child to wear as a cape."
    },
"a4hilt":{
    "name":"Sword Hilt",
    "image":"res://Sword Hilt.png",
    "desc":"A hilt for a sword, recieved from the young preist of Phitr. Perhaps it is a symbol?",
    },
"badSword":{
    "name":"Magical Sword",
    "image":"res://Magical Sword.png",
    "desc":"An artefact of great power, granted by the will of Phitr to her most worthy champions. Holding it gives a sense of grave consequence. It can cut through anything softer than stone, but only once.",
    },
"homework":{
    "name":"Tablet",
    "image":"res://Tablet.png",
    "desc":"An empty clay tablet, for you to write a dissertation upon.",
    },
"cheatedHomework":{
    "name":"Treatise",
    "image":"res://Treatise.png",
    "desc":"A clay tablet that the sage Tawil has written a dissertation upon: '... The shape of Yemo is this: naught moves but our minds. Stasis cannot be moved, so it must be accepted. There is no alternative. Ergo, we find ways to accept what is. There is an uncharacteristic malleability to the living eternal which proves useful for this ...'"
    },
"extinguish1":{
    "name":"Candle Snuffer",
    "image":"res://Candle Snuffer.png",
    "desc":"A small dome on a stick, crafted exclusively for the purpose of snuffing out candles.",
    },
"extinguish2":{
    "name":"Aeolian Sack",
    "image":"res://Aeolian Sack.png",
    "desc":"A bag filled with winds, perfect for blowing out candles.",
    },
"extinguish3":{
    "name":"Cup of Water",
    "image":"res://Cup of Water.png",
    "desc":"A simple cup of water, which is anathema to fires like those found on candles.",
    },
"marcosiaBadge":{
    "name":"Learner's Badge",
    "image":"res://Learner's Badge.png",
    "desc":"This badge signifies you have learned of the structures of Yemo. It is shaped like Dhegom's face. You aren't sure what it is made of, but it seems flimsier than one would expect.",
    },
"templeKey":{
    "name":"Disc",
    "image":"res://Disc.png",
    "desc":"An intricately carved disc, for insertion into the large doors of the priestly temple to Dhegom. It features a relief of endless rolling hills with the phrase 'ETERNAL UNDER GOD' above them.",
    },
"eyeMelter":{
    "name":"Caustic Incense",
    "image":"res://Caustic Incense.png",
    "desc":"An ancient sect of monks once said that the only way to truth and enlightenment was to blind oneself. This was often used in such rituals.\n\nIt can even burn through metal."
    },
"dghstatue":{
    "name":"Dhegom Statue",
    "image":"res://Dhegom Statue.png",
    "desc":"A small graven image of Dhegom. Primarily used for worship, but hefty enough to use as a bludgeon.",
    },
"pillar":{
    "name":"Miniscule Pillar",
    "image":"res://Miniscule Pillar.png",
    "desc":"A pillar used to support raised platforms. Very sturdy and quite hefty. You could do some real damage with this.\nStrangely reminiscent of the large pillars in Dhegom's temples."
    },
"copperincense":{
    "name":"Coppery Incense",
    "image":"res://Coppery Incense.png",
    "desc":"This incense is made of an odd mixture of myrrh and copper. Alloyed incense loses its scent much more slowly, as the metal inhibits combustion and eventually separates out entirely. It is a strange sight to behold in action.",
    },
"dhegomdish":{
    "name":"Candle Dish",
    "image":"res://Candle Dish.png",
    "desc":"A tin candle dish from an altar to Dhegom. Still holds its candle.\n\nTin is known for its counterintuitive ill-fittedness for tuning the spheres, and is thus regarded as fairly useless.",
    },
"item":{
    "name":"",
    "image":"res://",
    "desc":"",
    },
"item":{
    "name":"",
    "image":"res://",
    "desc":"",
    },
"item":{
    "name":"",
    "image":"res://",
    "desc":"",
    },
"item":{
    "name":"",
    "image":"res://",
    "desc":"",
    },
"item":{
    "name":"",
    "image":"res://",
    "desc":"",
    },
}
