{"inventorytutorial":"Open and close your inventory by pressing %s.",
"movetutorial":"Use %s and %s to move left and right, and %s to jump.",
"interacttutorial":"Use %s to interact with the world.",
"esctutorial":"Use %s to pause the game.",
"runtutorial":"Use %s to move swiftly.",
"dialoguetutorial":"Use %s to advance dialogue boxes.",
"autosavetutorial":"Before you move between areas, the game saves automatically. Areas can be distinguished by a change in music.",
"dishphys":"This dish is very ancient, if the weathering of its surface is any indication. Perhaps this is a holy place?",
"dishghost":"This dish appears to be brand new. Its ornate decoration belies an importance hidden by its position.",
"oldpendant":"The old pendant crumbles to dust upon entering the spirit world.",
"hiekwynmaindoor":"There is no direct opening mechanism visible for this door.",
"hiekwynsidedoor":"This door is locked from the other side.",
"hiekwynscratch":"This wall is rough and deeper recessed than the rest. Perhaps a carving was sanded off.",
"a2burningsconce":"The sconce burns brightly.",
"a2candlesconceburn":"The sconce burns with a strange coolness.",
"a2closedgate":"The gate is closed, and there is no way to open it from this side.",
"a2cagedone":"An empty birdcage.",
"a3doortraversed":"You've already been in there. no need to return.",
"a3doorlocked":"The door is tightly shut.",
"dhegomfinale":"Whatever force held the door closed is now too weak to resist your entry.",
"dhegommad":"The door will not open.",
"phitrfinale1":"The burning rage holding the entryway shut is no match for the fire within you.",
"phitrfinale2":"You enter unencumbered.",
"phitrmad":"The entryway is impassable. You can sense a burning rage inside.",
"a3dhegomaltar":"An altar dedicated to Dhegom. A small effigy of Him stands centrally.",
"a3sconce2":"The flame in the basin burns large and bright. You're beginning to question the wisdom of standing here.",
"a3dghmobelisk":"These obelisks are almost overflowing with ritual signs and holy symbols. It feels as if they are blessing you just by proximity.",
"a3dghmbigfire":"This is the biggest fire you've ever seen. It dances between frighteningly close and mesmerizingly undulative.",
"a3treewindow":"There is a vine growing through this window. A very wild-looking garden can be seen inside.",
"a3treecarved":"A prayer to Phitr is carved into the bark of this once-grand tree. It praises the beauty of her creation.",
"a3fairlady":"Etched into this pillar is a dedication to the \"fair lady\" Phitr, with a graven image of her above.",
"storeroomclutter":"On the wall: a feather duster and broom. A mop in a bucket sits next to a crate full of candles.",
"storeroomcrates":"Sealed crates. Who knows what may be in them?",
"storeroomopencrate":"This crate holds an unconscionable number of candlesticks. They appear to be pure silver.",
"storeroomstatue":"An unfinished statue of Phitr. Such glimpses into the process of creation are few and far between. Savor this moment.",
"storeroomchains":"A pile of chain. Works great for hanging objects from the ceiling.",
"storeroompillars":"Support pillars for short platforms. Hopefully these are spares.",
"storeroomstone":"This stone seems poised to have something etched into it. Alas, there is nothing there.",
"storeroomcandelabra":"An old, tarnished candelabrum. Judging by the cobwebs, it has been here for a while.",
"a4domeclosed":"The dome is clear, but too strong to smash open.",
"a4domeopen":"The hole in the dome is just wide enough for you to take out the disc.",
"pavilstatue":"A statue depicting Phitr stands serene in this bespoke garden. It is several times larger than life.",
"a4stuntedtree":"This tree seems hardy, but shows obvious signs of stunted growth.",
"a4saplingtree":"The sapling is wilting.",
"a4diseasedtree":"This tree is host to some strange bark disease.",
"a4watchingtree":"This tree appears healthy, but looking on it gives you a sense of unease.",
"a4wrongtree":"Nothing about this tree is right. There are no leaves. That is not bark.",
"a4twigtree":"This twig is dead.",
"a4fallentree":"No blade has cut this tree. It has fallen, but it was not felled.",
"paviltrees":"The tree seems frozen. It is as if it was made of stone, for it does not move at even a great shove.",
"a4tempskel":"This skeleton is displayed behind thick glass. It is labelled as 'Elder Valentinus'.",
"a4physaltar":"An altar made from the trunk of a massive tree. There have been no blessings here in a long while.",
"doorwards":"These bars and their door are all that stand between you and your goal. The lock on the door seems too old to properly turn.",
"a4bigsconce":"Big fire. Cold, too. You could stick your hand right in and not get burned.",
"a4wallbox":"This ornate fixture holds benedictory sigils intended to bless the viewer.",
"a4bed":"An austere rectangular prism of wool and feathers. This bed comes with a pillow, but no blankets.",
"a4candles":"Sticks of alloyed incense are flanked by candles and a kneeling-stool. All would burn easily.",
"a4candlestaken":"This room is now one candle less.",
"a4altarspirdishless":"Surely no one will miss one candle-holder dish.",
"a4altarspir":"An altar dedicated to Dhegom. A small effigy of Him is flanked by two candles in tin candle dishes.",
"a4candlefinal":"The candle yet burns, completely aloof to your meddling.",
"a4alktable":"A holy book is open to a particular passage, with a candle alight next to it.",
"a4barred":"This door warns that unauthorized entry will result in instant death. How original!",
"a4cloister":"This is the door to the priests' quarters, if you believe the sign. Locked.",
"savemessage":"Game saved successfully.",
"a4statuedesc":"This statue is of nothing, showcasing naught but abstract beauty.",
"a4domeempty":"Empty.",
"a4altarspirdudeless":"This altar is a shadow of its former self.",
"a4banneraltar":"This altar has a banner honoring dhegom rather than a statue of Him. An odd choice, given the giant banner above it.",
"a4banneraltarbannerless":"Nothing worth noting anymore.",
"a4templeclosed":"This scale model of Dhegom's temple is locked by some round contraption.",
"a4statuebroke":"Only meaningless rubble.",
"cosiaclosed":"This door is unopenable, due to the seal placed over it. What could be inside?",
"noexitdoor":"This is the door you came in through. There's no handle on this side.",
"noexitfinal":"You cannot leave yet. The crystal is still here.",
"nogoback":"There is no turning back now.",
"worldtext":"",
"worldtext":"",
"worldtext":"",
"worldtext":"",
"worldtext":"",
"worldtext":"",
"worldtext":"",
"worldtext":"",
"worldtext":"",
"worldtext":"",
"worldtext":"",
"worldtext":"",
"worldtext":"",
"worldtext":"",
"worldtext":"",
"worldtext":"",
"worldtext":"",
"worldtext":"",
"worldtext":"",
"worldtext":"",
"worldtext":"",
"worldtext":"",
"worldtext":"",
"worldtext":"",
"worldtext":"",
"worldtext":"",
"worldtext":"",
"worldtext":"",
"worldtext":"",
"worldtext":"",
"worldtext":"",
"worldtext":"",
"worldtext":"",
"worldtext":"",
"worldtext":"",
"worldtext":"",
"worldtext":"",
"worldtext":"",
"worldtext":"",
"worldtext":"",
"worldtext":"",
"worldtext":"",
"worldtext":"",
"worldtext":"",
"worldtext":"",
}
